packet,RTT,ETE,AvgETE,Throughput
1,996.168,498.084,498.084,0.514
2,30.358,15.179,353.213,16.865
3,30.39,15.195,251.807,16.848
4,30.308,15.154,180.811,16.893
5,30.336,15.168,131.118,16.878
6,30.419,15.21,96.346,16.832
7,30.332,15.166,71.992,16.88
8,30.355,15.177,54.947,16.867
9,30.365,15.182,43.018,16.862
10,30.287,15.144,34.656,16.905
11,30.374,15.187,28.815,16.857
12,30.381,15.191,24.728,16.853
13,30.459,15.229,21.878,16.809
14,30.418,15.209,19.877,16.832
15,30.373,15.186,18.47,16.857
16,30.412,15.206,17.491,16.835
17,30.365,15.182,16.798,16.862
18,30.403,15.201,16.319,16.84
19,30.382,15.191,15.981,16.852
20,30.352,15.176,15.739,16.869
21,30.442,15.221,15.584,16.819
22,30.414,15.207,15.471,16.834
23,30.424,15.212,15.393,16.829
