packet,Queue,QueueLength,QueuingTime,ServiceTime,QueuingDelay,AvgQueuingDelay
1,UDP,0.0,0.035,30.065,30.1,30.1
2,TCP,0.0,0.017,30.103,30.12,30.12
3,UDP,1.0,20.044,30.113,50.157,36.117
4,UDP,4.0,40.114,30.115,70.229,46.351
5,UDP,7.0,60.235,30.07,90.305,59.537
6,UDP,10.0,90.289,30.098,120.387,77.792
7,UDP,12.0,110.285,30.086,140.371,96.566
8,UDP,15.0,130.277,30.112,160.389,115.713
9,UDP,18.0,150.607,30.11,180.717,135.214
10,UDP,20.0,180.457,30.106,210.563,157.819
11,UDP,19.0,200.477,30.107,230.584,179.648
12,UDP,19.0,220.492,30.113,250.605,200.935
13,UDP,19.0,241.059,30.109,271.168,222.005
14,UDP,19.0,270.637,30.108,300.745,245.627
15,UDP,18.0,290.686,30.107,320.793,268.177
16,UDP,18.0,310.719,30.109,340.828,289.972
17,UDP,18.0,330.766,30.112,360.878,311.244
18,UDP,18.0,350.785,30.106,380.891,332.138
19,UDP,18.0,370.798,30.107,400.905,352.768
20,UDP,18.0,391.907,30.109,422.016,373.542
21,UDP,18.0,420.993,30.11,451.103,396.811
22,UDP,17.0,441.023,30.107,471.13,419.106
23,UDP,17.0,461.032,30.107,491.139,440.716
24,UDP,17.0,482.406,30.106,512.512,462.255
25,UDP,17.0,511.223,30.109,541.332,485.978
26,UDP,16.0,531.241,30.109,561.35,508.59
27,UDP,16.0,551.26,30.128,581.388,530.429
28,UDP,16.0,572.876,30.102,602.978,552.194
29,UDP,16.0,601.457,30.118,631.575,576.008
30,UDP,15.0,621.486,30.098,651.584,598.681
31,UDP,15.0,603.018,30.078,633.096,609.005
32,UDP,15.0,602.998,30.108,633.106,616.236
33,UDP,14.0,602.984,30.109,633.093,621.293
34,UDP,13.0,572.85,30.076,602.926,615.783
35,UDP,12.0,572.812,30.111,602.923,611.925
36,TCP,0.0,0.039,30.108,30.147,30.128
37,UDP,11.0,572.819,30.114,602.933,609.227
38,TCP,0.0,0.041,30.107,30.148,30.134
39,UDP,10.0,572.828,30.103,602.931,607.338
40,UDP,9.0,572.819,30.115,602.934,606.017
41,TCP,0.0,0.032,30.097,30.129,30.133
42,UDP,8.0,572.837,30.107,602.944,605.095
43,TCP,0.0,0.037,30.106,30.143,30.136
44,UDP,7.0,542.67,30.085,572.755,595.393
45,TCP,0.0,0.034,30.112,30.146,30.139
46,UDP,6.0,542.66,30.104,572.764,588.604
47,UDP,5.0,542.668,30.092,572.76,583.851
48,TCP,0.0,0.03,30.104,30.134,30.137
49,UDP,4.0,512.54,30.107,542.647,571.49
50,TCP,0.0,0.043,30.106,30.149,30.141
51,UDP,3.0,512.544,30.07,542.614,562.827
52,TCP,0.0,0.038,30.104,30.142,30.141
53,UDP,2.0,512.463,30.102,542.565,556.748
54,UDP,1.0,482.298,30.086,512.384,543.439
55,TCP,0.0,0.027,30.096,30.123,30.136
56,UDP,0.0,482.318,30.107,512.425,534.135
57,TCP,0.0,0.04,30.104,30.144,30.138
58,TCP,0.0,0.036,30.108,30.144,30.14
59,TCP,0.0,0.053,30.115,30.168,30.148
60,TCP,0.0,0.041,30.114,30.155,30.15
61,TCP,0.0,0.038,30.112,30.15,30.15
62,TCP,0.0,0.038,30.11,30.148,30.15
63,TCP,0.0,0.04,30.083,30.123,30.142
64,TCP,0.0,0.035,30.101,30.136,30.14
65,TCP,0.0,0.043,30.084,30.127,30.136
66,TCP,0.0,0.036,30.095,30.131,30.135
67,TCP,0.0,0.047,30.11,30.157,30.141
68,TCP,0.0,0.033,30.109,30.142,30.141
69,TCP,0.0,0.028,30.11,30.138,30.14
